n_neighbors,p,chunk_size,train_time,inference_time,k,R2_score,RMSE,D,N,n_test,n_train,MGE
5,2,600,9.775161743164062e-06,0.045560598373413086,1,0.7850482411336025,27.8262987012987,8,1232,616,616,0.004588841754361017
5,2,600,9.298324584960938e-06,0.03998398780822754,2,0.7754517937559907,26.522792207792207,8,1232,616,616,0.0042343999784233395
