n_neighbors,p,train_time,inference_time,k,R2_score,RMSE,D,N,n_test,n_train,MGE
5,2,1.0728836059570312e-05,0.061449289321899414,1,0.7850482411336025,27.8262987012987,4,1232,616,616,0.004588841754361017
5,2,1.049041748046875e-05,0.0552983283996582,2,0.7754517937559907,26.522792207792207,4,1232,616,616,0.0042343999784233395
