n_neighbors,p,chunk_size,train_time,inference_time,k,R2_score,RMSE,D,N,n_test,n_train,MGE
5,2,600,8.344650268554688e-06,0.041458845138549805,1,0.7850482411336025,27.8262987012987,4,1232,616,616,0.004588841754361017
5,2,600,5.245208740234375e-06,0.0440516471862793,2,0.7754517937559907,26.522792207792207,4,1232,616,616,0.0042343999784233395
