n_neighbors,p,chunk_size,train_time,inference_time,R2_score,RMSE,D,N,n_test,n_train,MGE,k
5,2,600,8.106231689453125e-06,0.03667807579040527,0.7850482411336025,27.8262987012987,8,1232,616,616,0.004588841754361017,
5,2,600,5.9604644775390625e-06,0.03471112251281738,0.7754517937559907,26.522792207792207,8,1232,616,616,0.0042343999784233395,1.0
