n_neighbors,p,chunk_size,train_time,inference_time,R2_score,RMSE,D,N,n_test,n_train,MGE
5,2,600,8.344650268554688e-06,0.047844886779785156,0.7850482411336025,27.8262987012987,4,1232,616,616,0.004588841754361017
