n_neighbors,p,chunk_size,train_time,inference_time,R2_score,RMSE,D,N,n_test,n_train,MGE
5,2,600,1.0967254638671875e-05,0.07472014427185059,0.7850482411336025,27.8262987012987,8,1232,616,616,0.004588841754361017
