n_neighbors,p,train_time,inference_time,R2_score,RMSE,D,N,n_test,n_train,MGE
5,2,1.1205673217773438e-05,0.060126543045043945,0.7850482411336025,27.8262987012987,4,1232,616,616,0.004588841754361017
