n_neighbors,weights,algorithm,train_time,inference_time,k,R2_score,RMSE,D,N,n_test,n_train,MGE
5,uniform,brute,0.0014472007751464844,0.020011425018310547,1,0.7850482411336025,27.8262987012987,4,1232,616,616,0.004588841754361017
5,uniform,kd_tree,0.002884387969970703,0.03583502769470215,1,0.7850482411336025,27.8262987012987,4,1232,616,616,0.004588841754361017
5,uniform,ball_tree,0.012426614761352539,0.016666173934936523,1,0.7850482411336025,27.8262987012987,4,1232,616,616,0.004588841754361017
5,uniform,brute,0.0004725456237792969,0.01620006561279297,2,0.7754517937559907,26.522792207792207,4,1232,616,616,0.0042343999784233395
5,uniform,kd_tree,0.001880645751953125,0.01591038703918457,2,0.7754517937559907,26.522792207792207,4,1232,616,616,0.0042343999784233395
5,uniform,ball_tree,0.0017552375793457031,0.014412164688110352,2,0.7754517937559907,26.522792207792207,4,1232,616,616,0.0042343999784233395
