n_neighbors,weights,algorithm,train_time,inference_time,k,R2_score,RMSE,D,N,n_test,n_train,MGE
5,uniform,brute,0.0005474090576171875,0.03930950164794922,0,0.7850482411336025,27.8262987012987,8,1232,616,616,0.004588841754361017
5,uniform,kd_tree,0.02311992645263672,0.015953779220581055,0,0.7850482411336025,27.8262987012987,8,1232,616,616,0.004588841754361017
5,uniform,ball_tree,0.0014069080352783203,0.02873826026916504,0,0.7850482411336025,27.8262987012987,8,1232,616,616,0.004588841754361017
