n_neighbors,weights,algorithm,train_time,inference_time,k,R2_score,RMSE,D,N,n_test,n_train,MGE
5,uniform,brute,0.0004153251647949219,0.028895139694213867,1,0.7850482411336025,27.8262987012987,4,1232,616,616,0.004588841754361017
5,uniform,kd_tree,0.0012183189392089844,0.013817071914672852,1,0.7850482411336025,27.8262987012987,4,1232,616,616,0.004588841754361017
5,uniform,ball_tree,0.0014045238494873047,0.011284828186035156,1,0.7850482411336025,27.8262987012987,4,1232,616,616,0.004588841754361017
5,uniform,brute,0.0004258155822753906,0.01302480697631836,2,0.7754517937559907,26.522792207792207,4,1232,616,616,0.0042343999784233395
5,uniform,kd_tree,0.0015113353729248047,0.011498451232910156,2,0.7754517937559907,26.522792207792207,4,1232,616,616,0.0042343999784233395
5,uniform,ball_tree,0.004113912582397461,0.010959625244140625,2,0.7754517937559907,26.522792207792207,4,1232,616,616,0.0042343999784233395
