n_neighbors,weights,algorithm,train_time,inference_time,k,R2_score,RMSE,D,N,n_test,n_train,MGE
5,uniform,brute,0.0,0.007001161575317383,0,0.7850482411336025,27.8262987012987,8,1232,616,616,0.004588841754361017
5,uniform,kd_tree,0.0020017623901367188,0.003999471664428711,0,0.7850482411336025,27.8262987012987,8,1232,616,616,0.004588841754361017
5,uniform,ball_tree,0.0,0.003976583480834961,0,0.7850482411336025,27.8262987012987,8,1232,616,616,0.004588841754361017
