n_neighbors,weights,algorithm,train_time,inference_time,R2_score,RMSE,D,N,n_test,n_train,MGE
5,uniform,brute,0.0005123615264892578,0.022315025329589844,0.7850482411336025,27.8262987012987,4,1232,616,616,0.004588841754361017
5,uniform,kd_tree,0.0015454292297363281,0.02507781982421875,0.7850482411336025,27.8262987012987,4,1232,616,616,0.004588841754361017
5,uniform,ball_tree,0.005941629409790039,0.017948627471923828,0.7850482411336025,27.8262987012987,4,1232,616,616,0.004588841754361017
