n_neighbors,weights,algorithm,train_time,inference_time,k,R2_score,RMSE,D,N,n_test,n_train,MGE
5,uniform,brute,0.0003261566162109375,0.008118867874145508,1,0.7850482411336025,27.8262987012987,8,1232,616,616,0.004588841754361017
5,uniform,kd_tree,0.0008108615875244141,0.007022857666015625,1,0.7850482411336025,27.8262987012987,8,1232,616,616,0.004588841754361017
5,uniform,ball_tree,0.0007321834564208984,0.006317138671875,1,0.7850482411336025,27.8262987012987,8,1232,616,616,0.004588841754361017
5,uniform,brute,0.0004649162292480469,0.00621795654296875,2,0.7754517937559907,26.522792207792207,8,1232,616,616,0.0042343999784233395
5,uniform,kd_tree,0.00047779083251953125,0.004765033721923828,2,0.7754517937559907,26.522792207792207,8,1232,616,616,0.0042343999784233395
5,uniform,ball_tree,0.0004990100860595703,0.0058171749114990234,2,0.7754517937559907,26.522792207792207,8,1232,616,616,0.0042343999784233395
