n_neighbors,weights,algorithm,train_time,inference_time,R2_score,RMSE,D,N,n_test,n_train,MGE
5,uniform,brute,0.0002651214599609375,0.013751983642578125,0.7850482411336025,27.8262987012987,8,1232,616,616,0.004588841754361017
5,uniform,kd_tree,0.0007600784301757812,0.00788116455078125,0.7850482411336025,27.8262987012987,8,1232,616,616,0.004588841754361017
5,uniform,ball_tree,0.0007960796356201172,0.00734710693359375,0.7850482411336025,27.8262987012987,8,1232,616,616,0.004588841754361017
