n_neighbors,weights,algorithm,train_time,inference_time,k,R2_score,RMSE,D,N,n_test,n_train,MGE
5,uniform,brute,0.0005316734313964844,0.027389049530029297,1,0.7850482411336025,27.8262987012987,8,1232,616,616,0.004588841754361017
5,uniform,kd_tree,0.0012328624725341797,0.015254020690917969,1,0.7850482411336025,27.8262987012987,8,1232,616,616,0.004588841754361017
5,uniform,ball_tree,0.0010993480682373047,0.010865449905395508,1,0.7850482411336025,27.8262987012987,8,1232,616,616,0.004588841754361017
5,uniform,brute,0.0006906986236572266,0.033267974853515625,2,0.7754517937559907,26.522792207792207,8,1232,616,616,0.0042343999784233395
5,uniform,kd_tree,0.0012967586517333984,0.009311914443969727,2,0.7754517937559907,26.522792207792207,8,1232,616,616,0.0042343999784233395
5,uniform,ball_tree,0.002722024917602539,0.01226663589477539,2,0.7754517937559907,26.522792207792207,8,1232,616,616,0.0042343999784233395
