n_estimators,train_time,inference_time,R2_score,RMSE,N,D,n_test,n_train
100,10.552767038345337,0.028336763381958008,0.8577768526607537,0.016360271500745368,900,24,900,2100
