n_estimators,train_time,inference_time,R2_score,RMSE,D,N,n_test,n_train
100,10.210867881774902,0.028166532516479492,0.8560869414073663,0.016087555227444938,24,3000,900,2100
