n_estimators,train_time,inference_time,k,R2_score,RMSE,D,N,n_test,n_train
100,55.264780044555664,0.1473238468170166,1,0.9188156544507448,0.009258976108176463,81,21263,6379,14884
100,55.85803985595703,0.158613920211792,2,0.9174281429237645,0.009286564274628066,81,21263,6379,14884
100,55.755707025527954,0.13302397727966309,3,0.9210747791737903,0.008749337164729143,81,21263,6379,14884
100,54.37747502326965,0.1492769718170166,4,0.9099492348338422,0.010101779979687793,81,21263,6379,14884
100,53.831024169921875,0.14317011833190918,5,0.9196519739420634,0.008949091037402157,81,21263,6379,14884
