n_estimators,train_time,inference_time,k,R2_score,RMSE,D,N,n_test,n_train
10,5.638077974319458,0.015697717666625977,0,0.908667298654136,0.010416383773685896,81,21263,6379,14884
100,55.421643018722534,0.13901710510253906,0,0.9189879869066817,0.009239321800669421,81,21263,6379,14884
