n_estimators,train_time,inference_time,k,R2_score,RMSE,D,N,n_test,n_train
100,55.468924045562744,0.14071869850158691,0,0.9181503279573225,0.00933485578750449,81,21263,6379,14884
