n_estimators,train_time,inference_time,R2_score,RMSE,D,N,n_test,n_train
100,55.76686191558838,0.15325403213500977,0.9195001424752108,0.009180911079481753,24,21263,6379,14884
