n_estimators,train_time,inference_time,k,R2_score,RMSE,D,N,n_test,n_train
100,54.73096203804016,0.14346003532409668,1,0.919118607237689,0.009224424710400893,24,21263,6379,14884
100,54.409247159957886,0.13437700271606445,2,0.917194224281195,0.009312872275757908,24,21263,6379,14884
