alpha,max_iter,train_time,inference_time,R2_score,RMSE,D,N,n_test,n_train,MGE
0.001,1000,0.035681962966918945,2.47955322265625e-05,0.8755775343854826,16.106947491848896,4,1232,616,616,0.0027354850635835574
0.001,10000,0.26390743255615234,4.029273986816406e-05,0.8755619665821143,16.108962801465026,4,1232,616,616,0.0027358369476455572
0.001,100000,2.6509220600128174,2.4080276489257812e-05,0.8755619665821143,16.108962801465026,4,1232,616,616,0.0027358369476455572
0.001,1000,0.02444767951965332,2.3603439331054688e-05,0.8755775343854826,16.106947491848896,4,1232,616,616,0.0027354850635835574
0.001,10000,0.24888992309570312,2.4557113647460938e-05,0.8755619665821143,16.108962801465026,4,1232,616,616,0.0027358369476455572
0.001,100000,2.5609896183013916,2.384185791015625e-05,0.8755619665821143,16.108962801465026,4,1232,616,616,0.0027358369476455572
