alpha,max_iter,train_time,inference_time,R2_score,RMSE,D,N,n_test,n_train,MGE
0.001,1000,0.03728485107421875,3.600120544433594e-05,0.8755775343854826,16.106947491848896,8,1232,616,616,0.0027354850635835574
0.001,10000,0.2407221794128418,2.09808349609375e-05,0.8755619665821143,16.108962801465026,8,1232,616,616,0.0027358369476455572
0.001,100000,2.170781135559082,2.09808349609375e-05,0.8755619665821143,16.108962801465026,8,1232,616,616,0.0027358369476455572
0.001,1000,0.02203369140625,2.5987625122070312e-05,0.8755775343854826,16.106947491848896,8,1232,616,616,0.0027354850635835574
0.001,10000,0.23248791694641113,2.09808349609375e-05,0.8755619665821143,16.108962801465026,8,1232,616,616,0.0027358369476455572
0.001,100000,2.1652963161468506,2.47955322265625e-05,0.8755619665821143,16.108962801465026,8,1232,616,616,0.0027358369476455572
