alpha,max_iter,train_time,inference_time,k,R2_score,RMSE,D,N,n_test,n_train,MGE
0.001,1000,0.032269954681396484,5.1975250244140625e-05,0,0.8755775343854826,16.106947491848896,8,1232,616,616,0.0027354850635835574
0.001,10000,0.21427607536315918,2.09808349609375e-05,0,0.8755619665821143,16.108962801465026,8,1232,616,616,0.0027358369476455572
0.001,100000,2.238276958465576,2.193450927734375e-05,0,0.8755619665821143,16.108962801465026,8,1232,616,616,0.0027358369476455572
0.001,1000,0.020537853240966797,3.1948089599609375e-05,0,0.8755775343854826,16.106947491848896,8,1232,616,616,0.0027354850635835574
0.001,10000,0.2101898193359375,2.3126602172851562e-05,0,0.8755619665821143,16.108962801465026,8,1232,616,616,0.0027358369476455572
0.001,100000,2.077136993408203,2.0265579223632812e-05,0,0.8755619665821143,16.108962801465026,8,1232,616,616,0.0027358369476455572
