alpha,max_iter,train_time,inference_time,k,R2_score,RMSE,D,N,n_test,n_train,MGE
0.001,1000,0.014999628067016602,0.0,0,0.8755775343854826,16.106947491848896,8,1232,616,616,0.0027354850635835574
0.001,10000,0.14099979400634766,0.0,0,0.8755619665821143,16.108962801465026,8,1232,616,616,0.0027358369476455572
0.001,100000,1.4140002727508545,0.0,0,0.8755619665821143,16.108962801465026,8,1232,616,616,0.0027358369476455572
0.001,1000,0.013998270034790039,0.0,0,0.8755775343854826,16.106947491848896,8,1232,616,616,0.0027354850635835574
0.001,10000,0.14100146293640137,0.0,0,0.8755619665821143,16.108962801465026,8,1232,616,616,0.0027358369476455572
0.001,100000,1.4070086479187012,0.0,0,0.8755619665821143,16.108962801465026,8,1232,616,616,0.0027358369476455572
