alpha,max_iter,train_time,inference_time,k,R2_score,RMSE,D,N,n_test,n_train,MGE
0.001,1000,0.007431983947753906,0.0003008842468261719,1,0.8765435101423238,15.9818983641291,4,1232,616,616,0.002707061021234165
0.001,10000,0.009507894515991211,0.0003063678741455078,1,0.8764679758385987,15.9916765585888,4,1232,616,616,0.0027090920083747356
0.001,1000,0.005795478820800781,0.00030612945556640625,1,0.8766762409567129,15.96471587021727,4,1232,616,616,0.0027093276918825075
0.001,10000,0.004877805709838867,0.0002148151397705078,1,0.8764237633113612,15.997400033454685,4,1232,616,616,0.002713498966172586
0.001,1000,0.00511622428894043,0.0002486705780029297,2,0.8694895807206731,15.415401393747613,4,1232,616,616,0.002497937704290974
0.001,10000,0.003240823745727539,0.00021982192993164062,2,0.8688454530668097,15.491483337150639,4,1232,616,616,0.0025096735748338077
0.001,1000,0.003469705581665039,0.0001952648162841797,2,0.8688768770356474,15.487771655771537,4,1232,616,616,0.00251137180447045
0.001,10000,0.0030679702758789062,0.00019741058349609375,2,0.8690961777939074,15.461868672445021,4,1232,616,616,0.0024996683963458563
