alpha,max_iter,train_time,inference_time,k,R2_score,RMSE,D,N,n_test,n_train,MGE
0.001,1000,0.008659601211547852,0.0002410411834716797,0,0.8761691904221065,16.03035543375013,8,1232,616,616,0.0027252609079384824
0.001,10000,0.005707502365112305,0.00027632713317871094,0,0.8764186464084913,15.998062435420755,8,1232,616,616,0.0027137723558936597
0.001,1000,0.0037851333618164062,0.0002894401550292969,0,0.8764852447234854,15.989441037690387,8,1232,616,616,0.0027081868579993643
0.001,10000,0.006348848342895508,0.0002713203430175781,0,0.8764638203782495,15.992214498271293,8,1232,616,616,0.0027132353175745375
