alpha,max_iter,train_time,inference_time,k,R2_score,RMSE,D,N,n_test,n_train,MGE
0.001,1000,0.004667043685913086,0.0003666877746582031,0,0.8765420419497874,15.982088427072933,8,1232,616,616,0.002709680639967622
0.001,10000,0.005004167556762695,0.00037598609924316406,0,0.876386445317024,16.002230985584752,8,1232,616,616,0.0027146143006316348
0.001,1000,0.0037109851837158203,0.0002951622009277344,0,0.8765802137364438,15.977146948375255,8,1232,616,616,0.0027137146610860326
0.001,10000,0.004357099533081055,0.00019598007202148438,0,0.876495811219867,15.988073165726504,8,1232,616,616,0.002715306075974471
