alpha,max_iter,train_time,inference_time,k,R2_score,RMSE,D,N,n_test,n_train,MGE
0.001,1000,0.005127429962158203,0.0002377033233642578,1,0.8764595738125467,15.992764231878157,4,1232,616,616,0.0027129240118873963
0.001,10000,0.005347013473510742,0.0002586841583251953,1,0.8762135414998279,16.02461402301264,4,1232,616,616,0.002721653289633336
0.001,1000,0.005672454833984375,0.0001919269561767578,1,0.8763151320395006,16.011462752620304,4,1232,616,616,0.002718279587431316
0.001,10000,0.0021734237670898438,0.00013327598571777344,1,0.8764884293096401,15.989028781256437,4,1232,616,616,0.0027156687879695347
0.001,1000,0.002580881118774414,0.00018358230590820312,2,0.8688555139161481,15.49029498734861,4,1232,616,616,0.002510261234180828
0.001,10000,0.0026788711547851562,0.00017976760864257812,2,0.8691304152959018,15.457824667078405,4,1232,616,616,0.002505652334666189
0.001,1000,0.0036153793334960938,0.0002777576446533203,2,0.8691476742968737,15.455786098593958,4,1232,616,616,0.0025035287784171997
0.001,10000,0.003729104995727539,0.00023245811462402344,2,0.8691982681623088,15.449810140903743,4,1232,616,616,0.0025025463879262194
