alpha,max_iter,train_time,inference_time,k,R2_score,RMSE,D,N,n_test,n_train,MGE
0.001,1000,0.003000497817993164,0.0,0,0.8764755059938638,15.990701752191404,8,1232,616,616,0.0027134003078859094
0.001,10000,0.0039975643157958984,0.0,0,0.8765139567422418,15.985724160869076,8,1232,616,616,0.002709099498688394
0.001,1000,0.0029990673065185547,0.0,0,0.8764651991862313,15.99203600648805,8,1232,616,616,0.002714638749274377
0.001,10000,0.0029993057250976562,0.0,0,0.8762181445210757,16.024018144919598,8,1232,616,616,0.0027192743443530593
