alpha,max_iter,train_time,inference_time,R2_score,RMSE,D,N,n_test,n_train,MGE
0.001,1000,0.011836528778076172,0.0003876686096191406,0.8764652499225501,15.99202943848428,4,1232,616,616,0.0027154006264724353
0.001,10000,0.006242275238037109,0.0003039836883544922,0.8763465478011155,16.00739586630481,4,1232,616,616,0.0027173578500510652
0.001,1000,0.005022525787353516,0.0002970695495605469,0.8764746019363104,15.990818785779101,4,1232,616,616,0.0027115372998167742
0.001,10000,0.005316019058227539,0.00025200843811035156,0.876578193693257,15.977408450422988,4,1232,616,616,0.002707308495062591
