criterion,train_time,inference_time,R2_score,RMSE,D,N,n_test,n_train
mse,0.8976421356201172,0.004123210906982422,0.869274342659081,0.014909102609084665,24,21263,6379,14884
