criterion,train_time,inference_time,k,R2_score,RMSE,D,N,n_test,n_train
mse,0.8415191173553467,0.0023729801177978516,1,0.8670544645909228,0.01516227700935955,81,21263,6379,14884
mse,0.8939838409423828,0.002260923385620117,2,0.8711600588270405,0.014490171799543289,81,21263,6379,14884
mse,0.9217820167541504,0.0024051666259765625,3,0.8684204675149062,0.014586385462569549,81,21263,6379,14884
mse,0.9151780605316162,0.002299785614013672,4,0.8423635439110032,0.017683456584189114,81,21263,6379,14884
mse,0.8732700347900391,0.0024709701538085938,5,0.8631273159623127,0.015244756717528025,81,21263,6379,14884
