criterion,train_time,inference_time,k,R2_score,RMSE,D,N,n_test,n_train
mse,0.8656368255615234,0.0032279491424560547,0,0.8702395452975955,0.014799022419251368,81,21263,6379,14884
