criterion,train_time,inference_time,k,R2_score,RMSE,D,N,n_test,n_train
mse,0.17116355895996094,0.0005507469177246094,1,0.7188824224393926,0.0314251854462587,24,3000,900,2100
mse,0.17154765129089355,0.0006787776947021484,2,0.7584487115694188,0.028394896052263533,24,3000,900,2100
