criterion,train_time,inference_time,R2_score,RMSE,D,N,n_test,n_train
mse,0.17835569381713867,0.0005590915679931641,0.6945933648238305,0.03414037724076447,24,3000,900,2100
