criterion,train_time,inference_time,k,R2_score,RMSE,D,N,n_test,n_train
mse,0.8727760314941406,0.0030257701873779297,0,0.8699485550155941,0.014832209507852426,81,21263,6379,14884
