criterion,max_features,train_time,inference_time,k,R2_score,RMSE,D,N,n_test,n_train
mse,auto,0.9504921436309814,0.003437042236328125,0,0.8677268560841767,0.015085591575372754,81,21263,6379,14884
mse,sqrt,0.11710596084594727,0.00238800048828125,0,0.8679928503863343,0.015055255247945022,81,21263,6379,14884
mse,log2,0.0796201229095459,0.002360105514526367,0,0.8644828655125253,0.015455564764105879,81,21263,6379,14884
