criterion,train_time,inference_time,k,R2_score,RMSE,D,N,n_test,n_train
mse,0.8638200759887695,0.0029761791229248047,1,0.8630205206780677,0.01562234341819928,24,21263,6379,14884
mse,0.9228978157043457,0.0025899410247802734,2,0.8703987603737109,0.01457579233987452,24,21263,6379,14884
