n_neighbors,p,chunk_size,train_time,inference_time,k,R2_score,RMSE,D,N,n_test,n_train
5,2,20,8.106231689453125e-06,52.733455419540405,1,0.7559789932180618,0.2528847825921334,3,48193,14458,33735
5,2,100,5.7220458984375e-06,54.50768518447876,1,0.7559789932180618,0.2528847825921334,3,48193,14458,33735
5,2,20,7.3909759521484375e-06,55.959495544433594,2,0.7604541233031319,0.2459406929790707,3,48193,14458,33735
5,2,100,5.7220458984375e-06,47.81337261199951,2,0.7604541233031319,0.2459406929790707,3,48193,14458,33735
