n_neighbors,p,train_time,inference_time,k,R2_score,RMSE,D,N,n_test,n_train
5,2,6.9141387939453125e-06,2.3850865364074707,1,0.6109075314650512,0.39873471147804623,3,9998,3000,6998
5,2,6.67572021484375e-06,2.380237579345703,2,0.6084019696155193,0.4019527882467819,3,9998,3000,6998
5,2,6.67572021484375e-06,2.3693740367889404,3,0.600789474115635,0.4082270649453794,3,9998,3000,6998
5,2,6.4373016357421875e-06,2.376964807510376,4,0.6223331574263515,0.3901317964293799,3,9998,3000,6998
5,2,6.67572021484375e-06,2.410426139831543,5,0.6166776150421331,0.38643322238239775,3,9998,3000,6998
5,2,1.049041748046875e-05,2.3691792488098145,6,0.5857273006854788,0.42607286095405744,3,9998,3000,6998
5,2,6.4373016357421875e-06,2.364995241165161,7,0.6293099996109388,0.38465569847373265,3,9998,3000,6998
