n_neighbors,p,chunk_size,train_time,inference_time,R2_score,RMSE,D,N,n_test,n_train
5,2,20,8.821487426757812e-06,46.80988788604736,0.7559789932180618,0.2528847825921334,3,48193,14458,33735
5,2,100,5.0067901611328125e-06,46.56344771385193,0.7559789932180618,0.2528847825921334,3,48193,14458,33735
