n_neighbors,p,train_time,inference_time,R2_score,RMSE,D,N,n_test,n_train
5,2,1.1444091796875e-05,2.3698713779449463,0.6109075314650512,0.39873471147804623,3,9998,3000,6998
