weights,n_neighbors,p,chunk_size,train_time,inference_time,k,R2_score,RMSE,D,N,n_test,n_train
uniform,5,2,2,1.4781951904296875e-05,97.9612627029419,0,0.7559789932180618,0.2528847825921334,10,48193,14458,33735
uniform,5,3,2,1.1205673217773438e-05,215.6050250530243,0,0.7568485452344197,0.2519836451224166,10,48193,14458,33735
uniform,10,2,2,1.049041748046875e-05,82.47925519943237,0,0.7461419732414479,0.26307912073927275,10,48193,14458,33735
uniform,10,3,2,8.821487426757812e-06,212.88344383239746,0,0.7430010314166015,0.26633415357839485,10,48193,14458,33735
