weights,n_neighbors,p,train_time,inference_time,k,R2_score,RMSE,D,N,n_test,n_train
uniform,5,1,0.019182205200195312,0.07556414604187012,0,0.4520940530889813,2227199.4400266665,10,4999,1500,3499
uniform,5,2,0.009084939956665039,0.05323505401611328,0,0.47584482895410063,2130654.19352,10,4999,1500,3499
uniform,5,3,0.009176015853881836,0.5436787605285645,0,0.4658181716018045,2171411.8559733336,10,4999,1500,3499
uniform,10,1,0.009165287017822266,0.07296991348266602,0,0.49440006237956935,2055228.4644733334,10,4999,1500,3499
uniform,10,2,0.00934910774230957,0.059081077575683594,0,0.4838018694397951,2098309.3792066667,10,4999,1500,3499
uniform,10,3,0.009197711944580078,0.6193649768829346,0,0.4759928532975579,2130052.4848933336,10,4999,1500,3499
