weights,train_time,inference_time,R2_score,RMSE,D,N,n_test,n_train
uniform,1.9070510864257812,2.64036226272583,0.7559311185708414,0.25293439622955616,3,48193,14458,33735
