weights,train_time,inference_time,R2_score,RMSE,D,N,n_test,n_train
uniform,0.10761713981628418,0.29884862899780273,0.6109075314650512,0.39873471147804623,3,9998,3000,6998
