weights,train_time,inference_time,k,R2_score,RMSE,D,N,n_test,n_train
uniform,1.9609310626983643,2.868992805480957,1,0.7559311185708414,0.25293439622955616,3,48193,14458,33735
uniform,1.9107921123504639,2.624281883239746,2,0.7604485524668605,0.24594641253205127,3,48193,14458,33735
