n_neighbors,p,train_time,inference_time,k,R2_score,RMSE,D,N,n_test,n_train
5,2,6.9141387939453125e-06,1.0771067142486572,1,0.7965304307817143,0.02274517659421874,24,3000,900,2100
5,2,6.4373016357421875e-06,1.0833759307861328,2,0.819079145192295,0.021267652511105628,24,3000,900,2100
