n_neighbors,p,train_time,inference_time,k,R2_score,RMSE,D,N,n_test,n_train
5,2,9.775161743164062e-06,81.0373260974884,1,0.8974198171812737,0.011699145388992709,81,21263,6379,14884
5,2,1.0013580322265625e-05,85.34530711174011,2,0.8901045902455176,0.012359547457305619,81,21263,6379,14884
5,2,1.0013580322265625e-05,79.48074436187744,3,0.8920654252503232,0.011965199163598401,81,21263,6379,14884
5,2,1.0013580322265625e-05,74.46946907043457,4,0.8896640146653163,0.01237735010509284,81,21263,6379,14884
5,2,1.0013580322265625e-05,74.00052690505981,5,0.8966806030358921,0.011507621714248233,81,21263,6379,14884
