n_neighbors,p,train_time,inference_time,k,R2_score,RMSE,D,N,n_test,n_train
5,2,9.298324584960938e-06,74.58137488365173,1,0.8974198171812737,0.011699145388992709,24,21263,6379,14884
5,2,9.298324584960938e-06,74.37611985206604,2,0.8901045902455176,0.012359547457305619,24,21263,6379,14884
