n_neighbors,p,train_time,inference_time,R2_score,RMSE,D,N,n_test,n_train
5,2,1.1682510375976562e-05,1.0833475589752197,0.7965304307817143,0.02274517659421874,24,3000,900,2100
