n_neighbors,p,train_time,inference_time,R2_score,RMSE,D,N,n_test,n_train
5,2,9.059906005859375e-06,109.44767594337463,0.8974198171812737,0.011699145388992709,24,21263,6379,14884
