weights,train_time,inference_time,R2_score,RMSE,D,N,n_test,n_train
uniform,0.023160219192504883,0.2234792709350586,0.7976468472368525,0.02262037616572042,24,3000,900,2100
