weights,train_time,inference_time,k,R2_score,RMSE,D,N,n_test,n_train
uniform,0.019507884979248047,0.2001805305480957,1,0.7976468472368525,0.02262037616572042,24,3000,900,2100
uniform,0.01699233055114746,0.2188718318939209,2,0.8185154291596897,0.021333918595848204,24,3000,900,2100
