weights,train_time,inference_time,R2_score,RMSE,D,N,n_test,n_train
uniform,0.08162713050842285,1.861253023147583,0.8966926656262315,0.011782076141585584,24,21263,6379,14884
