weights,train_time,inference_time,k,R2_score,RMSE,D,N,n_test,n_train
uniform,0.06509208679199219,1.8361449241638184,1,0.8966926656262315,0.011782076141585584,24,21263,6379,14884
uniform,0.06832504272460938,1.799454927444458,2,0.8902272254161678,0.012345755114067873,24,21263,6379,14884
