accuracy,efficience,epochtime,inference_time,total Memory
98.45,0.9585433972123742,102.70792150497437,95.44673728942871,52.94140625
