accuracy,efficience,epochtime,inference_time,total Memory
98.45,1.0234777702768538,96.19163489341736,89.29395389556885,1572.171875
98.58,0.9733125096417731,101.28298878669739,93.96226501464844,1539.875
98.83,0.9476914325971637,104.2849988937378,96.94574189186096,1261.01953125
