alpha,max_iter,train_time,inference_time,k,R2_score,RMSE,D,N,n_test,n_train
0.0001,1000,0.9729499816894531,0.0008490085601806641,1,0.7352889265436477,0.03018997675130727,24,21263,6379,14884
0.0001,1000,0.9630329608917236,0.0006659030914306641,2,0.7315822872953668,0.030187989343376763,24,21263,6379,14884
