alpha,max_iter,train_time,inference_time,k,R2_score,RMSE,D,N,n_test,n_train
0.0001,1000,0.8186678886413574,0.0006120204925537109,1,0.7352889265436477,0.03018997675130727,81,21263,6379,14884
0.0001,1000,0.9030301570892334,0.0008349418640136719,2,0.7315822872953668,0.030187989343376763,81,21263,6379,14884
0.0001,1000,0.9663801193237305,0.0006239414215087891,3,0.7393490175073643,0.02889473484233395,81,21263,6379,14884
0.0001,1000,0.845761775970459,0.0006861686706542969,4,0.7344768910150717,0.02978604370034195,81,21263,6379,14884
0.0001,1000,0.9204452037811279,0.0006279945373535156,5,0.7426522042221921,0.028663166547859404,81,21263,6379,14884
