alpha,max_iter,train_time,inference_time,k,R2_score,RMSE,D,N,n_test,n_train
0.0001,1000,0.8107366561889648,0.0004467964172363281,1,0.6719182471182727,0.03667515213850018,24,3000,900,2100
0.0001,1000,0.5077035427093506,0.00021982192993164062,2,0.6921756451238124,0.03618544374511329,24,3000,900,2100
