alpha,max_iter,train_time,inference_time,R2_score,RMSE,D,N,n_test,n_train
0.0001,1000,0.5604662895202637,0.00017642974853515625,0.6719182471182727,0.03667515213850018,24,3000,900,2100
