alpha,max_iter,train_time,inference_time,R2_score,RMSE,D,N,n_test,n_train
0.0001,1000,0.776298999786377,0.0007979869842529297,0.7352889265436477,0.03018997675130727,24,21263,6379,14884
