alpha,train_time,inference_time,k,R2_score,RMSE,D,N,n_test,n_train
0.0001,0.03584694862365723,0.0006270408630371094,1,0.732553931149716,0.030501899657590006,81,21263,6379,14884
0.0001,0.0398411750793457,0.0004649162292480469,2,0.7314222304498552,0.030205990369828975,81,21263,6379,14884
0.0001,0.04028606414794922,0.0004878044128417969,3,0.7369149265084427,0.029164568523079585,81,21263,6379,14884
0.0001,0.03725695610046387,0.0005619525909423828,4,0.7293383962661206,0.030362473487306075,81,21263,6379,14884
0.0001,0.04445290565490723,0.0005559921264648438,5,0.742146831354605,0.028719454524325793,81,21263,6379,14884
