alpha,train_time,inference_time,k,R2_score,RMSE,D,N,n_test,n_train
0.0001,0.34338974952697754,0.001157999038696289,0,0.7214309746926426,323.3338481079591,81,21263,6379,14884
0.001,0.2770688533782959,0.0009908676147460938,0,0.7219033718969621,322.78553874104546,81,21263,6379,14884
0.01,0.1873641014099121,0.001010894775390625,0,0.7087406413251574,338.0634624897253,81,21263,6379,14884
