alpha,train_time,inference_time,k,R2_score,RMSE,D,N,n_test,n_train
0.0001,0.04034709930419922,0.0006160736083984375,1,0.7295687032884355,0.030842361273164517,24,21263,6379,14884
0.0001,0.039541006088256836,0.00044918060302734375,2,0.7267380961260776,0.030732798364816794,24,21263,6379,14884
