alpha,train_time,inference_time,k,R2_score,RMSE,D,N,n_test,n_train
0.0001,0.045464277267456055,0.0006778240203857422,0,0.734701428574928,0.03025698018182303,81,21263,6379,14884
