alpha,train_time,inference_time,k,R2_score,RMSE,D,N,n_test,n_train
0.0001,0.02630448341369629,0.0012128353118896484,1,0.6083387729835668,0.04378248702163458,24,3000,900,2100
0.0001,0.024738073348999023,0.0004630088806152344,2,0.6612564999254629,0.03982005865292939,24,3000,900,2100
