alpha,train_time,inference_time,R2_score,RMSE,D,N,n_test,n_train
0.0001,0.014775276184082031,0.00038313865661621094,0.6583167630093127,0.03819561615280131,24,3000,900,2100
