alpha,train_time,inference_time,R2_score,RMSE,D,N,n_test,n_train
0.0001,0.04904603958129883,0.0007359981536865234,0.7341337295285901,0.030321725569263387,24,21263,6379,14884
