alpha,max_iter,train_time,inference_time,k,R2_score,RMSE,D,N,n_test,n_train
0.0001,1000,0.2570061683654785,0.00011444091796875,1,0.2285963047463223,0.7905201327032267,3,9998,3000,6998
0.0001,1000,0.20512127876281738,0.00010371208190917969,2,0.22321641184722485,0.7973235432665287,3,9998,3000,6998
0.0001,1000,0.20467019081115723,0.00011515617370605469,3,0.20904925761126192,0.8088150966621824,3,9998,3000,6998
0.0001,1000,0.2103252410888672,0.00010371208190917969,4,0.23233648021550501,0.7930003756377489,3,9998,3000,6998
0.0001,1000,0.20007658004760742,0.0001232624053955078,5,0.22423983688523386,0.7820558135713469,3,9998,3000,6998
0.0001,1000,0.19937491416931152,0.00010251998901367188,6,0.21791210664188143,0.8043649190303888,3,9998,3000,6998
0.0001,1000,0.19488739967346191,0.00011324882507324219,7,0.21837841707896277,0.8110690755215425,3,9998,3000,6998
