alpha,max_iter,train_time,inference_time,k,R2_score,RMSE,D,N,n_test,n_train
0.0001,1000,0.9246616363525391,0.00038242340087890625,1,0.24209830452030112,0.7854315823672737,3,48193,14458,33735
0.0001,1000,0.8573586940765381,0.0003905296325683594,2,0.23572761293236955,0.7846750822517458,3,48193,14458,33735
