alpha,max_iter,train_time,inference_time,R2_score,RMSE,D,N,n_test,n_train
0.0001,1000,0.26645445823669434,0.00010442733764648438,0.2285963047463223,0.7905201327032267,3,9998,3000,6998
