alpha,max_iter,train_time,inference_time,R2_score,RMSE,D,N,n_test,n_train
0.0001,1000,0.9709465503692627,0.0033500194549560547,0.24209830452030112,0.7854315823672737,3,48193,14458,33735
