alpha,max_iter,train_time,inference_time,k,R2_score,RMSE,D,N,n_test,n_train
0.0001,1000,0.04082989692687988,0.0013709068298339844,0,0.23881096720664596,0.7888383283389989,10,48193,14458,33735
0.0001,2000,0.05672144889831543,0.0029358863830566406,0,0.23808440070586834,0.7895912865126042,10,48193,14458,33735
0.0001,3000,0.057387351989746094,0.0005004405975341797,0,0.24091016910236307,0.7866628754055972,10,48193,14458,33735
0.0001,5000,0.05517220497131348,0.002236604690551758,0,0.23763359494929426,0.7900584672575981,10,48193,14458,33735
1e-05,1000,0.05440831184387207,0.0005257129669189453,0,0.2417001817358424,0.7858441664932083,10,48193,14458,33735
1e-05,2000,0.05718564987182617,0.0013566017150878906,0,0.23994399700066327,0.787664142571515,10,48193,14458,33735
1e-05,3000,0.05930900573730469,0.0005044937133789062,0,0.24062702254544077,0.78695630692788,10,48193,14458,33735
1e-05,5000,0.05834078788757324,0.0004646778106689453,0,0.2413279173297077,0.7862299529656669,10,48193,14458,33735
