alpha,train_time,inference_time,R2_score,RMSE,D,N,n_test,n_train
0.0001,0.009895563125610352,0.0004363059997558594,0.22420980212021402,0.7950153388571898,3,9998,3000,6998
