alpha,train_time,inference_time,k,R2_score,RMSE,D,N,n_test,n_train
0.0001,0.014345407485961914,0.0008835792541503906,1,0.22721738577460304,0.7919332231709254,3,9998,3000,6998
0.0001,0.016698598861694336,0.0004980564117431641,2,0.2227457255399219,0.7978066756087016,3,9998,3000,6998
0.0001,0.02708148956298828,0.0015304088592529297,3,0.20737006513560308,0.8105322152534271,3,9998,3000,6998
0.0001,0.01853489875793457,0.0021185874938964844,4,0.2300817349205686,0.7953295391576646,3,9998,3000,6998
0.0001,0.021559715270996094,0.0011494159698486328,5,0.2220819069269211,0.7842312561235943,3,9998,3000,6998
0.0001,0.026385068893432617,0.0014064311981201172,6,0.2159019635765982,0.8064323190984342,3,9998,3000,6998
0.0001,0.0220797061920166,0.0004246234893798828,7,0.21117066824268327,0.8185483753681324,3,9998,3000,6998
