n_estimators,train_time,inference_time,R2_score,RMSE,D,N,n_test,n_train,MGE,k
100,0.2525491714477539,0.013998746871948242,0.8479648015328373,19.681517694805194,8,1232,616,616,0.0032131870597058554,
100,0.26870298385620117,0.01484990119934082,0.8401367525510979,18.8824474025974,8,1232,616,616,0.0029708240107758086,1.0
