n_estimators,train_time,inference_time,k,R2_score,RMSE,D,N,n_test,n_train,MGE
100,0.41676902770996094,0.017546415328979492,1,0.8476056912689595,19.728005844155845,4,1232,616,616,0.003242187054655114
100,0.33854007720947266,0.017323970794677734,2,0.8389033306083545,19.028134577922078,4,1232,616,616,0.0030037195211257486
