n_estimators,train_time,inference_time,k,R2_score,RMSE,D,N,n_test,n_train,MGE
100,0.2883737087249756,0.018078327178955078,0,0.8456310506864748,19.983630357142857,8,1232,616,616,0.003278789628750423
