n_estimators,train_time,inference_time,k,R2_score,RMSE,D,N,n_test,n_train,MGE
100,0.2572968006134033,0.01402425765991211,1,0.8487704022517008,19.57722970779221,8,1232,616,616,0.003233261429334969
100,0.2531142234802246,0.012912988662719727,2,0.8389954655162258,19.017251948051946,8,1232,616,616,0.0029958082733751905
