n_estimators,train_time,inference_time,k,R2_score,RMSE,D,N,n_test,n_train,MGE
100,0.2781565189361572,0.014092683792114258,1,0.8491027767854635,19.534202597402594,8,1232,616,616,0.0032071318347359277
100,0.27750587463378906,0.014343976974487305,2,0.8424621017261968,18.607785876623378,8,1232,616,616,0.0029300037902723446
