n_estimators,train_time,inference_time,R2_score,RMSE,D,N,n_test,n_train,MGE
100,0.3597280979156494,0.02080249786376953,0.8510531620915932,19.28171801948052,4,1232,616,616,0.0031795187762624173
