n_estimators,train_time,inference_time,k,R2_score,RMSE,D,N,n_test,n_train,MGE
100,0.186997652053833,0.010000944137573242,0,0.8469077068798937,19.8183625,8,1232,616,616,0.0032644322656380205
