n_estimators,train_time,inference_time,k,R2_score,RMSE,D,N,n_test,n_train,MGE
100,0.25125789642333984,0.013485193252563477,0,0.848240727560249,19.645798051948052,8,1232,616,616,0.0032441772682134202
