n_estimators,train_time,inference_time,k,R2_score,RMSE,D,N,n_test,n_train,MGE
100,0.1879112720489502,0.009003877639770508,1,0.8489619953593076,19.552427272727275,8,1232,616,616,0.0032122292050725415
100,0.18599772453308105,0.009000539779663086,2,0.8403491107525404,18.85736444805195,8,1232,616,616,0.002963219783677186
