n_estimators,train_time,inference_time,R2_score,RMSE,D,N,n_test,n_train,MGE
100,0.2608909606933594,0.01718902587890625,0.8490180764374726,19.545167370129867,8,1232,616,616,0.00321283341515337
