criterion,train_time,inference_time,k,R2_score,RMSE,D,N,n_test,n_train,MGE
mse,0.002000093460083008,0.0,0,0.7078256210356342,37.82305194805195,8,1232,616,616,0.006150078255466441
