criterion,train_time,inference_time,k,R2_score,RMSE,D,N,n_test,n_train,MGE
mse,0.001619577407836914,0.0,0,0.7114497420503001,37.353896103896105,8,1232,616,616,0.005945528748853878
