criterion,train_time,inference_time,k,R2_score,RMSE,D,N,n_test,n_train,MGE
mse,0.004200935363769531,0.0003440380096435547,0,0.6831214051225134,41.021103896103895,8,1232,616,616,0.00667151549780477
