criterion,train_time,inference_time,k,R2_score,RMSE,D,N,n_test,n_train,MGE
mse,0.0019991397857666016,0.0,1,0.7061326925339736,38.04220779220779,8,1232,616,616,0.0062245070877951884
mse,0.0019981861114501953,0.0,2,0.6824886791408821,37.503246753246756,8,1232,616,616,0.005898614280740331
