criterion,train_time,inference_time,k,R2_score,RMSE,D,N,n_test,n_train,MGE
mse,0.0028181076049804688,0.00020885467529296875,0,0.7058442676781351,38.07954545454545,8,1232,616,616,0.00629551460767166
