criterion,train_time,inference_time,R2_score,RMSE,D,N,n_test,n_train,MGE
mse,0.005712747573852539,0.00032019615173339844,0.6962008453242317,39.327922077922075,8,1232,616,616,0.0063995691672178515
