criterion,train_time,inference_time,k,R2_score,RMSE,D,N,n_test,n_train,MGE
mse,0.003000020980834961,0.0,0,0.6901940841961175,40.10551948051948,8,1232,616,616,0.006574214570071124
