criterion,train_time,inference_time,k,R2_score,RMSE,D,N,n_test,n_train,MGE
mse,0.0044972896575927734,0.0005271434783935547,1,0.6906455317965603,40.047077922077925,4,1232,616,616,0.006558595627712116
mse,0.0053098201751708984,0.0004711151123046875,2,0.6751494424800402,38.37012987012987,4,1232,616,616,0.006032285554634345
