criterion,train_time,inference_time,k,R2_score,RMSE,D,N,n_test,n_train,MGE
mse,0.004066944122314453,0.00030803680419921875,1,0.7182339962680657,36.47564935064935,8,1232,616,616,0.005961072210993699
mse,0.0026330947875976562,0.0003027915954589844,2,0.6672054747085672,39.30844155844156,8,1232,616,616,0.006205002538370528
