criterion,train_time,inference_time,k,R2_score,RMSE,D,N,n_test,n_train,MGE
mse,0.004079341888427734,0.0004608631134033203,1,0.688689258861308,40.300324675324674,8,1232,616,616,0.00649818173207692
mse,0.0034308433532714844,0.00032258033752441406,2,0.6676177913749066,39.25974025974026,8,1232,616,616,0.006228747315126047
