criterion,train_time,inference_time,R2_score,RMSE,D,N,n_test,n_train,MGE
mse,0.005035877227783203,0.0004611015319824219,0.6878239842937928,40.41233766233766,4,1232,616,616,0.006535180022357968
