criterion,train_time,inference_time,k,R2_score,RMSE,D,N,n_test,n_train,MGE
mse,0.0019991397857666016,0.0,1,0.7052423375442114,38.157467532467535,8,1232,616,616,0.006176522134992822
mse,0.002000093460083008,0.0,2,0.6697343502621156,39.00974025974026,8,1232,616,616,0.006145178199826835
