n_estimators,train_time,inference_time,R2_score,RMSE,D,N,n_test,n_train
100,13.354178190231323,0.3955116271972656,0.8660173167511933,0.1388494464936083,3,48193,14458,33735
