n_estimators,train_time,inference_time,R2_score,RMSE,D,N,n_test,n_train
100,3.2278103828430176,0.07926273345947266,0.8119262246022376,0.19273450049593494,3,9998,3000,6998
