n_estimators,train_time,inference_time,k,R2_score,RMSE,D,N,n_test,n_train
100,13.33882474899292,0.3894541263580322,1,0.8666624779098135,0.13818085061538388,3,48193,14458,33735
100,13.325827836990356,0.39760446548461914,2,0.8660465077314417,0.1375294585311747,3,48193,14458,33735
