n_estimators,train_time,inference_time,k,R2_score,RMSE,D,N,n_test,n_train
100,3.226903200149536,0.0807647705078125,1,0.8103318330322253,0.19436840326728808,3,9998,3000,6998
100,3.1608965396881104,0.08005714416503906,2,0.8114976162229606,0.19348682289324598,3,9998,3000,6998
100,3.2652764320373535,0.10257863998413086,3,0.7853485780814444,0.21949952286966004,3,9998,3000,6998
100,3.5057108402252197,0.09065675735473633,4,0.8258933608115304,0.17985305634458398,3,9998,3000,6998
100,3.3163113594055176,0.0967106819152832,5,0.8139458590615837,0.1875640558490308,3,9998,3000,6998
100,3.2566142082214355,0.08297181129455566,6,0.806605491950436,0.19890316565350358,3,9998,3000,6998
100,3.371263027191162,0.09077310562133789,7,0.8331449712113477,0.17314127053654335,3,9998,3000,6998
