criterion,train_time,inference_time,R2_score,RMSE,D,N,n_test,n_train
mse,0.0673208236694336,0.0014150142669677734,0.66503095626075,0.3432700342732283,3,9998,3000,6998
