criterion,train_time,inference_time,R2_score,RMSE,D,N,n_test,n_train
mse,0.20673179626464844,0.00464320182800293,0.7532042062571195,0.2557603604229569,3,48193,14458,33735
