criterion,train_time,inference_time,k,R2_score,RMSE,D,N,n_test,n_train
mse,0.20699167251586914,0.0044460296630859375,1,0.7533974013468664,0.25556014774900393,3,48193,14458,33735
mse,0.20176362991333008,0.0051190853118896484,2,0.7419634137013318,0.2649250228112065,3,48193,14458,33735
