criterion,train_time,inference_time,k,R2_score,RMSE,D,N,n_test,n_train
mse,0.06183648109436035,0.0012254714965820312,1,0.6728575673157113,0.3352494691037161,3,9998,3000,6998
mse,0.057997703552246094,0.0014574527740478516,2,0.6653728778837239,0.3434754373651315,3,9998,3000,6998
mse,0.05825376510620117,0.001375436782836914,3,0.640348249752627,0.3677748177623986,3,9998,3000,6998
mse,0.05190300941467285,0.001043081283569336,4,0.6846680126980766,0.3257395694030396,3,9998,3000,6998
mse,0.05054736137390137,0.0011303424835205078,5,0.6477277440953951,0.355131107253483,3,9998,3000,6998
mse,0.04952073097229004,0.0011754035949707031,6,0.676761310936568,0.3324458339837022,3,9998,3000,6998
mse,0.04973626136779785,0.0012617111206054688,7,0.6829959143253841,0.32894717382776933,3,9998,3000,6998
